schedule_id,room_id,date,start_time,end_time,activity
T0001,R101,2026-08-25,17:00,19:00,Seminar
T0002,R102,2026-08-18,13:00,15:00,Tutorial
T0003,R103,2026-08-17,12:00,13:00,Workshop
T0004,R104,2026-08-24,12:00,13:00,Lecture
T0005,R105,2026-08-19,08:00,10:00,Lecture
T0006,R106,2026-08-21,15:00,17:00,Lab
T0007,R107,2026-08-21,12:00,13:00,Tutorial
T0008,R108,2026-08-21,12:00,13:00,Tutorial
T0009,R109,2026-08-21,12:00,13:00,Workshop
T0010,R110,2026-08-25,10:00,12:00,Workshop
T0011,R111,2026-08-26,15:00,17:00,Seminar
T0012,R112,2026-08-26,10:00,12:00,Lecture
T0013,R113,2026-08-24,13:00,15:00,Tutorial
T0014,R114,2026-08-22,13:00,15:00,Tutorial
T0015,R115,2026-08-22,17:00,19:00,Lab
T0016,R116,2026-08-24,08:00,10:00,Seminar
T0017,R117,2026-08-22,13:00,15:00,Seminar
T0018,R118,2026-08-20,12:00,13:00,Tutorial
T0019,R119,2026-08-21,17:00,19:00,Workshop
T0020,R120,2026-08-20,13:00,15:00,Workshop
T0021,R121,2026-08-20,15:00,17:00,Lab
T0022,R122,2026-08-23,13:00,15:00,Seminar
T0023,R123,2026-08-19,08:00,10:00,Tutorial
T0024,R124,2026-08-19,17:00,19:00,Workshop
T0025,R125,2026-08-20,10:00,12:00,Tutorial
T0026,R126,2026-08-20,10:00,12:00,Lab
T0027,R127,2026-08-24,13:00,15:00,Tutorial
T0028,R128,2026-08-24,12:00,13:00,Seminar
T0029,R129,2026-08-20,12:00,13:00,Seminar
T0030,R130,2026-08-20,15:00,17:00,Workshop
T0031,R131,2026-08-18,10:00,12:00,Seminar
T0032,R131,2026-08-20,08:00,10:00,Seminar
T0033,R131,2026-08-22,15:00,17:00,Lab
T0034,R131,2026-08-23,08:00,10:00,Tutorial
T0035,R131,2026-08-24,10:00,12:00,Lab
T0036,R132,2026-08-17,17:00,19:00,Lab
T0037,R132,2026-08-20,08:00,10:00,Seminar
T0038,R132,2026-08-24,13:00,15:00,Lab
T0039,R133,2026-08-19,08:00,10:00,Lab
T0040,R133,2026-08-19,10:00,12:00,Tutorial
T0041,R133,2026-08-19,17:00,19:00,Lecture
T0042,R133,2026-08-22,15:00,17:00,Workshop
T0043,R133,2026-08-22,17:00,19:00,Workshop
T0044,R133,2026-08-25,15:00,17:00,Tutorial
T0045,R134,2026-08-17,13:00,15:00,Tutorial
T0046,R134,2026-08-22,13:00,15:00,Tutorial
T0047,R134,2026-08-24,08:00,10:00,Lecture
T0048,R134,2026-08-26,13:00,15:00,Lecture
T0049,R135,2026-08-18,08:00,10:00,Tutorial
T0050,R135,2026-08-20,13:00,15:00,Lecture
T0051,R135,2026-08-22,08:00,10:00,Workshop
T0052,R135,2026-08-24,10:00,12:00,Tutorial
T0053,R135,2026-08-24,13:00,15:00,Seminar
T0054,R135,2026-08-25,10:00,12:00,Seminar
T0055,R136,2026-08-19,08:00,10:00,Lecture
T0056,R136,2026-08-20,08:00,10:00,Lecture
T0057,R136,2026-08-20,12:00,13:00,Workshop
T0058,R136,2026-08-23,17:00,19:00,Tutorial
T0059,R136,2026-08-25,08:00,10:00,Workshop
T0060,R136,2026-08-26,12:00,13:00,Lecture
T0061,R137,2026-08-18,17:00,19:00,Lecture
T0062,R137,2026-08-21,12:00,13:00,Seminar
T0063,R137,2026-08-25,17:00,19:00,Seminar
T0064,R137,2026-08-26,12:00,13:00,Tutorial
T0065,R138,2026-08-17,08:00,10:00,Workshop
T0066,R138,2026-08-17,12:00,13:00,Lecture
T0067,R138,2026-08-20,10:00,12:00,Lab
T0068,R138,2026-08-23,08:00,10:00,Lab
T0069,R138,2026-08-26,12:00,13:00,Seminar
T0070,R139,2026-08-18,12:00,13:00,Lab
T0071,R139,2026-08-21,17:00,19:00,Tutorial
T0072,R139,2026-08-22,10:00,12:00,Lecture
T0073,R139,2026-08-22,12:00,13:00,Lab
T0074,R139,2026-08-22,13:00,15:00,Tutorial
T0075,R139,2026-08-26,08:00,10:00,Seminar
T0076,R139,2026-08-26,12:00,13:00,Lab
T0077,R140,2026-08-17,08:00,10:00,Lab
T0078,R140,2026-08-20,13:00,15:00,Workshop
T0079,R140,2026-08-24,17:00,19:00,Tutorial
T0080,R140,2026-08-25,12:00,13:00,Tutorial
T0081,R141,2026-08-21,10:00,12:00,Lab
T0082,R141,2026-08-21,13:00,15:00,Lecture
T0083,R141,2026-08-22,12:00,13:00,Seminar
T0084,R141,2026-08-23,15:00,17:00,Lecture
T0085,R141,2026-08-25,15:00,17:00,Tutorial
T0086,R141,2026-08-26,08:00,10:00,Tutorial
T0087,R141,2026-08-26,13:00,15:00,Seminar
T0088,R142,2026-08-17,08:00,10:00,Tutorial
T0089,R142,2026-08-19,13:00,15:00,Seminar
T0090,R142,2026-08-19,15:00,17:00,Lab
T0091,R142,2026-08-21,08:00,10:00,Lab
T0092,R142,2026-08-26,17:00,19:00,Lab
T0093,R143,2026-08-17,08:00,10:00,Tutorial
T0094,R143,2026-08-19,15:00,17:00,Lecture
T0095,R143,2026-08-20,17:00,19:00,Lecture
T0096,R143,2026-08-23,08:00,10:00,Seminar
T0097,R143,2026-08-23,17:00,19:00,Lab
T0098,R143,2026-08-24,12:00,13:00,Tutorial
T0099,R143,2026-08-24,15:00,17:00,Seminar
T0100,R144,2026-08-20,10:00,12:00,Lecture
T0101,R144,2026-08-24,12:00,13:00,Lab
T0102,R144,2026-08-24,13:00,15:00,Lab
T0103,R144,2026-08-25,10:00,12:00,Workshop
T0104,R144,2026-08-26,12:00,13:00,Tutorial
T0105,R144,2026-08-26,13:00,15:00,Tutorial
T0106,R144,2026-08-26,17:00,19:00,Tutorial
T0107,R145,2026-08-18,13:00,15:00,Workshop
T0108,R145,2026-08-20,17:00,19:00,Seminar
T0109,R145,2026-08-21,12:00,13:00,Workshop
T0110,R145,2026-08-21,17:00,19:00,Tutorial
T0111,R145,2026-08-23,12:00,13:00,Tutorial
T0112,R145,2026-08-24,17:00,19:00,Workshop
T0113,R146,2026-08-21,15:00,17:00,Lab
T0114,R146,2026-08-22,13:00,15:00,Lecture
T0115,R146,2026-08-24,13:00,15:00,Workshop
T0116,R147,2026-08-17,13:00,15:00,Workshop
T0117,R147,2026-08-22,17:00,19:00,Tutorial
T0118,R147,2026-08-25,17:00,19:00,Workshop
T0119,R148,2026-08-18,10:00,12:00,Tutorial
T0120,R148,2026-08-18,13:00,15:00,Workshop
T0121,R148,2026-08-18,15:00,17:00,Seminar
T0122,R148,2026-08-20,12:00,13:00,Lecture
T0123,R148,2026-08-21,15:00,17:00,Workshop
T0124,R148,2026-08-22,13:00,15:00,Seminar
T0125,R148,2026-08-26,08:00,10:00,Lecture
T0126,R149,2026-08-17,13:00,15:00,Workshop
T0127,R149,2026-08-18,12:00,13:00,Seminar
T0128,R149,2026-08-21,12:00,13:00,Lab
T0129,R149,2026-08-21,17:00,19:00,Lecture
T0130,R149,2026-08-22,12:00,13:00,Seminar
T0131,R149,2026-08-23,08:00,10:00,Lab
T0132,R150,2026-08-19,10:00,12:00,Lecture
T0133,R150,2026-08-23,10:00,12:00,Lecture
T0134,R150,2026-08-24,17:00,19:00,Seminar
T0135,R151,2026-08-17,13:00,15:00,Lecture
T0136,R151,2026-08-17,15:00,17:00,Seminar
T0137,R151,2026-08-22,15:00,17:00,Lecture
T0138,R151,2026-08-24,12:00,13:00,Lab
T0139,R151,2026-08-26,17:00,19:00,Seminar
T0140,R152,2026-08-18,12:00,13:00,Seminar
T0141,R152,2026-08-23,17:00,19:00,Lab
T0142,R152,2026-08-24,15:00,17:00,Seminar
T0143,R152,2026-08-25,10:00,12:00,Seminar
T0144,R153,2026-08-17,17:00,19:00,Tutorial
T0145,R153,2026-08-21,08:00,10:00,Lab
T0146,R153,2026-08-22,15:00,17:00,Lecture
T0147,R153,2026-08-24,08:00,10:00,Tutorial
T0148,R153,2026-08-24,10:00,12:00,Workshop
T0149,R153,2026-08-26,10:00,12:00,Seminar
T0150,R154,2026-08-17,08:00,10:00,Lab
T0151,R154,2026-08-17,10:00,12:00,Seminar
T0152,R154,2026-08-18,12:00,13:00,Workshop
T0153,R154,2026-08-19,12:00,13:00,Seminar
T0154,R154,2026-08-24,15:00,17:00,Workshop
T0155,R154,2026-08-25,08:00,10:00,Seminar
T0156,R154,2026-08-25,17:00,19:00,Tutorial
T0157,R155,2026-08-18,13:00,15:00,Tutorial
T0158,R155,2026-08-19,17:00,19:00,Lecture
T0159,R155,2026-08-20,15:00,17:00,Lecture
T0160,R155,2026-08-21,17:00,19:00,Seminar
T0161,R156,2026-08-17,10:00,12:00,Lecture
T0162,R156,2026-08-17,15:00,17:00,Workshop
T0163,R156,2026-08-19,10:00,12:00,Lecture
T0164,R156,2026-08-19,13:00,15:00,Seminar
T0165,R156,2026-08-25,10:00,12:00,Workshop
T0166,R156,2026-08-26,12:00,13:00,Lecture
T0167,R156,2026-08-26,15:00,17:00,Tutorial
T0168,R157,2026-08-19,12:00,13:00,Workshop
T0169,R157,2026-08-21,10:00,12:00,Tutorial
T0170,R157,2026-08-21,15:00,17:00,Lecture
T0171,R158,2026-08-19,12:00,13:00,Workshop
T0172,R158,2026-08-20,08:00,10:00,Lab
T0173,R158,2026-08-22,12:00,13:00,Workshop
T0174,R158,2026-08-25,15:00,17:00,Workshop
T0175,R159,2026-08-18,13:00,15:00,Workshop
T0176,R159,2026-08-19,13:00,15:00,Tutorial
T0177,R159,2026-08-20,10:00,12:00,Seminar
T0178,R159,2026-08-24,08:00,10:00,Lab
T0179,R159,2026-08-26,12:00,13:00,Lab
T0180,R160,2026-08-22,17:00,19:00,Tutorial
T0181,R160,2026-08-23,10:00,12:00,Seminar
T0182,R160,2026-08-26,12:00,13:00,Workshop
T0183,R201,2026-08-17,13:00,15:00,Workshop
T0184,R201,2026-08-20,15:00,17:00,Lab
T0185,R201,2026-08-21,08:00,10:00,Seminar
T0186,R201,2026-08-23,17:00,19:00,Seminar
T0187,R201,2026-08-24,08:00,10:00,Tutorial
T0188,R201,2026-08-25,12:00,13:00,Lab
T0189,R202,2026-08-18,17:00,19:00,Tutorial
T0190,R202,2026-08-19,13:00,15:00,Lab
T0191,R202,2026-08-22,08:00,10:00,Tutorial
T0192,R202,2026-08-22,15:00,17:00,Seminar
T0193,R202,2026-08-25,08:00,10:00,Lecture
T0194,R202,2026-08-26,08:00,10:00,Workshop
T0195,R203,2026-08-18,12:00,13:00,Lab
T0196,R203,2026-08-19,13:00,15:00,Tutorial
T0197,R203,2026-08-21,08:00,10:00,Lab
T0198,R203,2026-08-21,12:00,13:00,Lecture
T0199,R203,2026-08-22,13:00,15:00,Seminar
T0200,R203,2026-08-22,17:00,19:00,Lab
T0201,R204,2026-08-22,15:00,17:00,Tutorial
T0202,R204,2026-08-24,15:00,17:00,Lecture
T0203,R204,2026-08-25,17:00,19:00,Lab
T0204,R205,2026-08-17,12:00,13:00,Tutorial
T0205,R205,2026-08-17,15:00,17:00,Workshop
T0206,R205,2026-08-23,12:00,13:00,Workshop
T0207,R205,2026-08-24,10:00,12:00,Tutorial
T0208,R205,2026-08-26,10:00,12:00,Seminar
T0209,R205,2026-08-26,15:00,17:00,Tutorial
T0210,R206,2026-08-17,08:00,10:00,Tutorial
T0211,R206,2026-08-19,10:00,12:00,Lecture
T0212,R206,2026-08-20,10:00,12:00,Seminar
T0213,R206,2026-08-26,15:00,17:00,Tutorial
T0214,R206,2026-08-26,17:00,19:00,Workshop
T0215,R207,2026-08-19,13:00,15:00,Lab
T0216,R207,2026-08-21,10:00,12:00,Lab
T0217,R207,2026-08-22,17:00,19:00,Seminar
T0218,R207,2026-08-26,15:00,17:00,Seminar
T0219,R208,2026-08-19,15:00,17:00,Seminar
T0220,R208,2026-08-20,10:00,12:00,Lecture
T0221,R208,2026-08-20,15:00,17:00,Seminar
T0222,R208,2026-08-20,17:00,19:00,Lab
T0223,R208,2026-08-22,10:00,12:00,Tutorial
T0224,R208,2026-08-22,12:00,13:00,Lab
T0225,R208,2026-08-23,17:00,19:00,Lab
T0226,R209,2026-08-17,12:00,13:00,Lecture
T0227,R209,2026-08-18,13:00,15:00,Lab
T0228,R209,2026-08-19,12:00,13:00,Workshop
T0229,R209,2026-08-23,08:00,10:00,Workshop
T0230,R209,2026-08-24,17:00,19:00,Workshop
T0231,R209,2026-08-26,10:00,12:00,Seminar
T0232,R210,2026-08-18,13:00,15:00,Workshop
T0233,R210,2026-08-19,08:00,10:00,Tutorial
T0234,R210,2026-08-19,12:00,13:00,Seminar
T0235,R210,2026-08-20,13:00,15:00,Workshop
T0236,R210,2026-08-21,08:00,10:00,Lab
T0237,R211,2026-08-22,10:00,12:00,Seminar
T0238,R211,2026-08-23,17:00,19:00,Seminar
T0239,R211,2026-08-24,15:00,17:00,Tutorial
T0240,R211,2026-08-25,08:00,10:00,Lab
T0241,R211,2026-08-25,15:00,17:00,Tutorial
T0242,R212,2026-08-18,17:00,19:00,Workshop
T0243,R212,2026-08-22,10:00,12:00,Lecture
T0244,R212,2026-08-22,15:00,17:00,Workshop
T0245,R212,2026-08-24,15:00,17:00,Lecture
T0246,R213,2026-08-17,13:00,15:00,Lecture
T0247,R213,2026-08-24,08:00,10:00,Seminar
T0248,R213,2026-08-25,15:00,17:00,Tutorial
T0249,R214,2026-08-17,08:00,10:00,Tutorial
T0250,R214,2026-08-17,15:00,17:00,Workshop
T0251,R214,2026-08-18,13:00,15:00,Seminar
T0252,R214,2026-08-24,13:00,15:00,Lab
T0253,R215,2026-08-23,13:00,15:00,Workshop
T0254,R215,2026-08-23,15:00,17:00,Seminar
T0255,R215,2026-08-24,08:00,10:00,Seminar
T0256,R216,2026-08-17,08:00,10:00,Seminar
T0257,R216,2026-08-22,15:00,17:00,Lecture
T0258,R216,2026-08-22,17:00,19:00,Lecture
T0259,R217,2026-08-17,10:00,12:00,Seminar
T0260,R217,2026-08-19,17:00,19:00,Tutorial
T0261,R217,2026-08-20,08:00,10:00,Lecture
T0262,R217,2026-08-22,12:00,13:00,Lecture
T0263,R217,2026-08-22,15:00,17:00,Workshop
T0264,R217,2026-08-24,15:00,17:00,Tutorial
T0265,R217,2026-08-25,15:00,17:00,Tutorial
T0266,R218,2026-08-19,15:00,17:00,Lab
T0267,R218,2026-08-22,13:00,15:00,Lab
T0268,R218,2026-08-23,13:00,15:00,Seminar
T0269,R218,2026-08-25,15:00,17:00,Lecture
T0270,R219,2026-08-19,13:00,15:00,Tutorial
T0271,R219,2026-08-21,10:00,12:00,Lab
T0272,R219,2026-08-21,17:00,19:00,Lecture
T0273,R219,2026-08-23,08:00,10:00,Lecture
T0274,R219,2026-08-24,12:00,13:00,Lecture
T0275,R220,2026-08-17,13:00,15:00,Lecture
T0276,R220,2026-08-21,08:00,10:00,Tutorial
T0277,R220,2026-08-22,08:00,10:00,Lecture
T0278,R220,2026-08-22,17:00,19:00,Seminar
T0279,R220,2026-08-23,15:00,17:00,Seminar
T0280,R220,2026-08-26,17:00,19:00,Lab
T0281,R221,2026-08-17,12:00,13:00,Workshop
T0282,R221,2026-08-18,08:00,10:00,Seminar
T0283,R221,2026-08-19,10:00,12:00,Lab
T0284,R221,2026-08-19,12:00,13:00,Lecture
T0285,R221,2026-08-22,13:00,15:00,Lecture
T0286,R221,2026-08-26,08:00,10:00,Lab
T0287,R221,2026-08-26,13:00,15:00,Workshop
T0288,R222,2026-08-17,10:00,12:00,Workshop
T0289,R222,2026-08-17,12:00,13:00,Tutorial
T0290,R222,2026-08-18,17:00,19:00,Seminar
T0291,R222,2026-08-19,10:00,12:00,Lecture
T0292,R222,2026-08-20,12:00,13:00,Lab
T0293,R222,2026-08-24,08:00,10:00,Tutorial
T0294,R222,2026-08-26,08:00,10:00,Workshop
T0295,R223,2026-08-21,08:00,10:00,Workshop
T0296,R223,2026-08-23,08:00,10:00,Lab
T0297,R223,2026-08-25,17:00,19:00,Seminar
T0298,R223,2026-08-26,08:00,10:00,Tutorial
T0299,R224,2026-08-20,15:00,17:00,Lecture
T0300,R224,2026-08-22,12:00,13:00,Lecture
T0301,R224,2026-08-24,17:00,19:00,Seminar
T0302,R225,2026-08-17,15:00,17:00,Workshop
T0303,R225,2026-08-20,13:00,15:00,Workshop
T0304,R225,2026-08-23,12:00,13:00,Seminar
T0305,R225,2026-08-25,17:00,19:00,Lab
T0306,R226,2026-08-19,17:00,19:00,Seminar
T0307,R226,2026-08-23,15:00,17:00,Seminar
T0308,R226,2026-08-25,12:00,13:00,Tutorial
T0309,R227,2026-08-18,17:00,19:00,Workshop
T0310,R227,2026-08-21,08:00,10:00,Seminar
T0311,R227,2026-08-21,13:00,15:00,Lecture
T0312,R227,2026-08-22,17:00,19:00,Workshop
T0313,R227,2026-08-24,10:00,12:00,Lab
T0314,R228,2026-08-17,15:00,17:00,Tutorial
T0315,R228,2026-08-17,17:00,19:00,Seminar
T0316,R228,2026-08-19,17:00,19:00,Tutorial
T0317,R228,2026-08-24,13:00,15:00,Seminar
T0318,R229,2026-08-17,08:00,10:00,Seminar
T0319,R229,2026-08-17,17:00,19:00,Lab
T0320,R229,2026-08-18,08:00,10:00,Lab
T0321,R229,2026-08-20,10:00,12:00,Lecture
T0322,R229,2026-08-20,17:00,19:00,Tutorial
T0323,R230,2026-08-18,17:00,19:00,Workshop
T0324,R230,2026-08-21,13:00,15:00,Workshop
T0325,R230,2026-08-21,15:00,17:00,Workshop
T0326,R231,2026-08-17,10:00,12:00,Workshop
T0327,R231,2026-08-17,17:00,19:00,Workshop
T0328,R231,2026-08-18,08:00,10:00,Lab
T0329,R231,2026-08-20,15:00,17:00,Seminar
T0330,R231,2026-08-22,17:00,19:00,Lecture
T0331,R231,2026-08-26,13:00,15:00,Lab
T0332,R232,2026-08-17,17:00,19:00,Workshop
T0333,R232,2026-08-19,13:00,15:00,Workshop
T0334,R232,2026-08-21,08:00,10:00,Tutorial
T0335,R232,2026-08-22,17:00,19:00,Seminar
T0336,R232,2026-08-24,15:00,17:00,Tutorial
T0337,R232,2026-08-25,10:00,12:00,Tutorial
T0338,R233,2026-08-17,15:00,17:00,Tutorial
T0339,R233,2026-08-18,13:00,15:00,Seminar
T0340,R233,2026-08-19,17:00,19:00,Lab
T0341,R233,2026-08-20,10:00,12:00,Seminar
T0342,R233,2026-08-22,10:00,12:00,Lab
T0343,R234,2026-08-17,15:00,17:00,Seminar
T0344,R234,2026-08-19,13:00,15:00,Workshop
T0345,R234,2026-08-19,15:00,17:00,Workshop
T0346,R234,2026-08-20,17:00,19:00,Tutorial
T0347,R234,2026-08-24,15:00,17:00,Seminar
T0348,R234,2026-08-25,12:00,13:00,Lecture
T0349,R235,2026-08-17,08:00,10:00,Workshop
T0350,R235,2026-08-20,10:00,12:00,Seminar
T0351,R235,2026-08-20,13:00,15:00,Lab
T0352,R235,2026-08-21,10:00,12:00,Seminar
T0353,R236,2026-08-21,13:00,15:00,Tutorial
T0354,R236,2026-08-23,12:00,13:00,Lab
T0355,R236,2026-08-23,17:00,19:00,Lab
T0356,R236,2026-08-25,15:00,17:00,Workshop
T0357,R236,2026-08-26,10:00,12:00,Tutorial
T0358,R237,2026-08-18,17:00,19:00,Seminar
T0359,R237,2026-08-20,08:00,10:00,Workshop
T0360,R237,2026-08-20,12:00,13:00,Tutorial
T0361,R237,2026-08-21,10:00,12:00,Lab
T0362,R237,2026-08-24,17:00,19:00,Seminar
T0363,R237,2026-08-26,17:00,19:00,Lab
T0364,R238,2026-08-18,10:00,12:00,Tutorial
T0365,R238,2026-08-19,08:00,10:00,Workshop
T0366,R238,2026-08-20,17:00,19:00,Lecture
T0367,R238,2026-08-22,15:00,17:00,Seminar
T0368,R238,2026-08-23,08:00,10:00,Tutorial
T0369,R238,2026-08-23,10:00,12:00,Seminar
T0370,R239,2026-08-17,15:00,17:00,Seminar
T0371,R239,2026-08-24,12:00,13:00,Seminar
T0372,R239,2026-08-25,15:00,17:00,Tutorial
T0373,R239,2026-08-25,17:00,19:00,Lab
T0374,R239,2026-08-26,08:00,10:00,Tutorial
T0375,R240,2026-08-18,13:00,15:00,Seminar
T0376,R240,2026-08-21,13:00,15:00,Lecture
T0377,R240,2026-08-24,08:00,10:00,Seminar
T0378,R240,2026-08-24,13:00,15:00,Workshop
T0379,R240,2026-08-25,12:00,13:00,Seminar
T0380,R241,2026-08-21,10:00,12:00,Lecture
T0381,R241,2026-08-21,12:00,13:00,Lab
T0382,R241,2026-08-22,12:00,13:00,Workshop
T0383,R241,2026-08-22,15:00,17:00,Workshop
T0384,R241,2026-08-24,12:00,13:00,Lecture
T0385,R241,2026-08-26,10:00,12:00,Lecture
T0386,R241,2026-08-26,15:00,17:00,Tutorial
T0387,R242,2026-08-17,12:00,13:00,Seminar
T0388,R242,2026-08-18,15:00,17:00,Lab
T0389,R242,2026-08-23,08:00,10:00,Seminar
T0390,R242,2026-08-23,13:00,15:00,Lecture
T0391,R242,2026-08-23,17:00,19:00,Lecture
T0392,R243,2026-08-19,12:00,13:00,Workshop
T0393,R243,2026-08-19,15:00,17:00,Workshop
T0394,R243,2026-08-22,12:00,13:00,Workshop
T0395,R244,2026-08-19,12:00,13:00,Workshop
T0396,R244,2026-08-20,17:00,19:00,Workshop
T0397,R244,2026-08-21,10:00,12:00,Tutorial
T0398,R244,2026-08-21,15:00,17:00,Lab
T0399,R244,2026-08-21,17:00,19:00,Lecture
T0400,R244,2026-08-24,10:00,12:00,Seminar
T0401,R244,2026-08-25,10:00,12:00,Lecture
T0402,R245,2026-08-17,17:00,19:00,Tutorial
T0403,R245,2026-08-18,10:00,12:00,Lab
T0404,R245,2026-08-21,12:00,13:00,Lab
T0405,R245,2026-08-25,17:00,19:00,Lab
T0406,R245,2026-08-26,15:00,17:00,Seminar
T0407,R246,2026-08-18,08:00,10:00,Seminar
T0408,R246,2026-08-20,15:00,17:00,Seminar
T0409,R246,2026-08-22,08:00,10:00,Lab
T0410,R246,2026-08-22,13:00,15:00,Lecture
T0411,R247,2026-08-17,10:00,12:00,Lab
T0412,R247,2026-08-17,12:00,13:00,Lecture
T0413,R247,2026-08-18,10:00,12:00,Tutorial
T0414,R247,2026-08-24,13:00,15:00,Tutorial
T0415,R247,2026-08-25,13:00,15:00,Workshop
T0416,R248,2026-08-18,15:00,17:00,Seminar
T0417,R248,2026-08-20,13:00,15:00,Tutorial
T0418,R248,2026-08-21,13:00,15:00,Seminar
T0419,R248,2026-08-22,17:00,19:00,Tutorial
T0420,R249,2026-08-21,10:00,12:00,Lecture
T0421,R249,2026-08-21,13:00,15:00,Workshop
T0422,R249,2026-08-23,15:00,17:00,Tutorial
T0423,R249,2026-08-24,08:00,10:00,Seminar
T0424,R250,2026-08-17,08:00,10:00,Lecture
T0425,R250,2026-08-19,10:00,12:00,Workshop
T0426,R250,2026-08-19,17:00,19:00,Lecture
T0427,R250,2026-08-21,08:00,10:00,Workshop
T0428,R250,2026-08-21,13:00,15:00,Tutorial
T0429,R250,2026-08-24,13:00,15:00,Lab
T0430,R250,2026-08-26,10:00,12:00,Lab
T0431,R251,2026-08-18,10:00,12:00,Seminar
T0432,R251,2026-08-19,15:00,17:00,Workshop
T0433,R251,2026-08-21,17:00,19:00,Lab
T0434,R251,2026-08-24,08:00,10:00,Workshop
T0435,R252,2026-08-18,10:00,12:00,Seminar
T0436,R252,2026-08-20,15:00,17:00,Workshop
T0437,R252,2026-08-21,10:00,12:00,Tutorial
T0438,R252,2026-08-23,10:00,12:00,Lab
T0439,R252,2026-08-23,13:00,15:00,Workshop
T0440,R252,2026-08-26,10:00,12:00,Workshop
T0441,R253,2026-08-18,12:00,13:00,Lecture
T0442,R253,2026-08-20,12:00,13:00,Tutorial
T0443,R253,2026-08-24,10:00,12:00,Lab
T0444,R254,2026-08-18,17:00,19:00,Tutorial
T0445,R254,2026-08-20,17:00,19:00,Workshop
T0446,R254,2026-08-24,12:00,13:00,Seminar
T0447,R255,2026-08-18,12:00,13:00,Seminar
T0448,R255,2026-08-18,17:00,19:00,Workshop
T0449,R255,2026-08-21,08:00,10:00,Tutorial
T0450,R255,2026-08-21,13:00,15:00,Workshop
T0451,R255,2026-08-23,08:00,10:00,Tutorial
T0452,R255,2026-08-23,12:00,13:00,Seminar
T0453,R256,2026-08-18,12:00,13:00,Workshop
T0454,R256,2026-08-18,17:00,19:00,Lecture
T0455,R256,2026-08-20,12:00,13:00,Lab
T0456,R256,2026-08-21,15:00,17:00,Lecture
T0457,R256,2026-08-25,17:00,19:00,Seminar
T0458,R257,2026-08-19,08:00,10:00,Workshop
T0459,R257,2026-08-21,08:00,10:00,Seminar
T0460,R257,2026-08-22,17:00,19:00,Seminar
T0461,R257,2026-08-25,15:00,17:00,Seminar
T0462,R258,2026-08-17,17:00,19:00,Workshop
T0463,R258,2026-08-18,15:00,17:00,Lecture
T0464,R258,2026-08-21,15:00,17:00,Tutorial
T0465,R258,2026-08-22,10:00,12:00,Lab
T0466,R258,2026-08-24,13:00,15:00,Lecture
T0467,R258,2026-08-25,17:00,19:00,Lab
T0468,R259,2026-08-18,15:00,17:00,Seminar
T0469,R259,2026-08-20,08:00,10:00,Workshop
T0470,R259,2026-08-22,15:00,17:00,Seminar
T0471,R259,2026-08-25,10:00,12:00,Workshop
T0472,R260,2026-08-18,10:00,12:00,Lab
T0473,R260,2026-08-19,17:00,19:00,Workshop
T0474,R260,2026-08-22,15:00,17:00,Lecture
T0475,R260,2026-08-23,08:00,10:00,Seminar
T0476,R260,2026-08-25,10:00,12:00,Workshop
T0477,R260,2026-08-25,15:00,17:00,Tutorial
T0478,R260,2026-08-26,17:00,19:00,Seminar
T0479,R301,2026-08-23,17:00,19:00,Tutorial
T0480,R301,2026-08-24,17:00,19:00,Lab
T0481,R301,2026-08-25,17:00,19:00,Lecture
T0482,R302,2026-08-17,17:00,19:00,Lecture
T0483,R302,2026-08-19,15:00,17:00,Tutorial
T0484,R302,2026-08-20,15:00,17:00,Tutorial
T0485,R302,2026-08-21,15:00,17:00,Workshop
T0486,R302,2026-08-25,15:00,17:00,Lab
T0487,R302,2026-08-26,10:00,12:00,Workshop
T0488,R303,2026-08-18,12:00,13:00,Tutorial
T0489,R303,2026-08-18,15:00,17:00,Lecture
T0490,R303,2026-08-19,10:00,12:00,Workshop
T0491,R303,2026-08-23,13:00,15:00,Lab
T0492,R303,2026-08-25,12:00,13:00,Workshop
T0493,R303,2026-08-25,15:00,17:00,Lab
T0494,R304,2026-08-18,15:00,17:00,Lab
T0495,R304,2026-08-20,08:00,10:00,Workshop
T0496,R304,2026-08-20,12:00,13:00,Lecture
T0497,R304,2026-08-22,15:00,17:00,Tutorial
T0498,R304,2026-08-23,08:00,10:00,Seminar
T0499,R304,2026-08-24,13:00,15:00,Lecture
T0500,R304,2026-08-26,10:00,12:00,Lab
T0501,R305,2026-08-18,12:00,13:00,Tutorial
T0502,R305,2026-08-19,13:00,15:00,Lab
T0503,R305,2026-08-24,12:00,13:00,Tutorial
T0504,R305,2026-08-26,10:00,12:00,Seminar
T0505,R306,2026-08-18,13:00,15:00,Seminar
T0506,R306,2026-08-19,17:00,19:00,Seminar
T0507,R306,2026-08-21,12:00,13:00,Lecture
T0508,R306,2026-08-23,08:00,10:00,Lecture
T0509,R306,2026-08-23,15:00,17:00,Seminar
T0510,R306,2026-08-26,13:00,15:00,Workshop
T0511,R307,2026-08-20,17:00,19:00,Seminar
T0512,R307,2026-08-21,17:00,19:00,Lab
T0513,R307,2026-08-24,12:00,13:00,Workshop
T0514,R307,2026-08-26,12:00,13:00,Lecture
T0515,R307,2026-08-26,17:00,19:00,Lecture
T0516,R308,2026-08-17,15:00,17:00,Workshop
T0517,R308,2026-08-20,15:00,17:00,Seminar
T0518,R308,2026-08-23,15:00,17:00,Tutorial
T0519,R308,2026-08-24,08:00,10:00,Seminar
T0520,R308,2026-08-24,12:00,13:00,Tutorial
T0521,R308,2026-08-26,08:00,10:00,Seminar
T0522,R309,2026-08-20,08:00,10:00,Workshop
T0523,R309,2026-08-20,12:00,13:00,Tutorial
T0524,R309,2026-08-20,13:00,15:00,Workshop
T0525,R309,2026-08-22,17:00,19:00,Seminar
T0526,R309,2026-08-25,17:00,19:00,Lab
T0527,R310,2026-08-17,12:00,13:00,Seminar
T0528,R310,2026-08-18,08:00,10:00,Lecture
T0529,R310,2026-08-23,15:00,17:00,Lecture
T0530,R311,2026-08-17,08:00,10:00,Tutorial
T0531,R311,2026-08-21,13:00,15:00,Tutorial
T0532,R311,2026-08-21,15:00,17:00,Lab
T0533,R311,2026-08-21,17:00,19:00,Tutorial
T0534,R312,2026-08-17,17:00,19:00,Tutorial
T0535,R312,2026-08-19,15:00,17:00,Lecture
T0536,R312,2026-08-20,17:00,19:00,Seminar
T0537,R312,2026-08-23,17:00,19:00,Lab
T0538,R312,2026-08-24,08:00,10:00,Tutorial
T0539,R313,2026-08-17,08:00,10:00,Seminar
T0540,R313,2026-08-17,17:00,19:00,Lecture
T0541,R313,2026-08-18,08:00,10:00,Tutorial
T0542,R313,2026-08-19,10:00,12:00,Workshop
T0543,R313,2026-08-23,17:00,19:00,Tutorial
T0544,R313,2026-08-24,13:00,15:00,Workshop
T0545,R314,2026-08-17,08:00,10:00,Seminar
T0546,R314,2026-08-18,10:00,12:00,Tutorial
T0547,R314,2026-08-20,13:00,15:00,Seminar
T0548,R314,2026-08-24,12:00,13:00,Lecture
T0549,R314,2026-08-25,15:00,17:00,Tutorial
T0550,R314,2026-08-26,17:00,19:00,Seminar
T0551,R315,2026-08-18,08:00,10:00,Lecture
T0552,R315,2026-08-24,15:00,17:00,Lab
T0553,R315,2026-08-25,13:00,15:00,Lab
T0554,R316,2026-08-18,12:00,13:00,Tutorial
T0555,R316,2026-08-21,08:00,10:00,Tutorial
T0556,R316,2026-08-25,08:00,10:00,Lecture
T0557,R316,2026-08-25,10:00,12:00,Workshop
T0558,R316,2026-08-25,15:00,17:00,Workshop
T0559,R317,2026-08-18,15:00,17:00,Seminar
T0560,R317,2026-08-23,13:00,15:00,Lab
T0561,R317,2026-08-23,17:00,19:00,Tutorial
T0562,R318,2026-08-21,12:00,13:00,Seminar
T0563,R318,2026-08-23,13:00,15:00,Tutorial
T0564,R318,2026-08-24,10:00,12:00,Lecture
T0565,R318,2026-08-26,15:00,17:00,Lecture
T0566,R319,2026-08-18,10:00,12:00,Seminar
T0567,R319,2026-08-23,10:00,12:00,Lab
T0568,R319,2026-08-24,15:00,17:00,Seminar
T0569,R319,2026-08-25,08:00,10:00,Lab
T0570,R320,2026-08-17,17:00,19:00,Tutorial
T0571,R320,2026-08-19,13:00,15:00,Workshop
T0572,R320,2026-08-19,17:00,19:00,Workshop
T0573,R320,2026-08-23,17:00,19:00,Workshop
T0574,R321,2026-08-17,10:00,12:00,Lab
T0575,R321,2026-08-20,08:00,10:00,Tutorial
T0576,R321,2026-08-24,08:00,10:00,Workshop
T0577,R321,2026-08-24,12:00,13:00,Workshop
T0578,R321,2026-08-25,10:00,12:00,Workshop
T0579,R321,2026-08-26,08:00,10:00,Tutorial
T0580,R321,2026-08-26,10:00,12:00,Seminar
T0581,R322,2026-08-17,13:00,15:00,Seminar
T0582,R322,2026-08-19,13:00,15:00,Seminar
T0583,R322,2026-08-23,17:00,19:00,Lecture
T0584,R322,2026-08-25,12:00,13:00,Tutorial
T0585,R322,2026-08-26,13:00,15:00,Seminar
T0586,R323,2026-08-17,08:00,10:00,Seminar
T0587,R323,2026-08-17,15:00,17:00,Workshop
T0588,R323,2026-08-18,12:00,13:00,Seminar
T0589,R323,2026-08-20,12:00,13:00,Lab
T0590,R323,2026-08-20,17:00,19:00,Workshop
T0591,R323,2026-08-22,13:00,15:00,Tutorial
T0592,R323,2026-08-26,12:00,13:00,Seminar
T0593,R324,2026-08-17,10:00,12:00,Lecture
T0594,R324,2026-08-17,15:00,17:00,Lab
T0595,R324,2026-08-23,10:00,12:00,Tutorial
T0596,R325,2026-08-17,13:00,15:00,Seminar
T0597,R325,2026-08-25,12:00,13:00,Workshop
T0598,R325,2026-08-26,17:00,19:00,Lab
T0599,R326,2026-08-17,17:00,19:00,Workshop
T0600,R326,2026-08-21,10:00,12:00,Workshop
T0601,R326,2026-08-21,12:00,13:00,Workshop
T0602,R326,2026-08-21,13:00,15:00,Tutorial
T0603,R326,2026-08-23,15:00,17:00,Lab
T0604,R326,2026-08-24,12:00,13:00,Lecture
T0605,R326,2026-08-25,10:00,12:00,Lab
T0606,R327,2026-08-19,10:00,12:00,Tutorial
T0607,R327,2026-08-22,12:00,13:00,Workshop
T0608,R327,2026-08-26,15:00,17:00,Lab
T0609,R328,2026-08-23,10:00,12:00,Lecture
T0610,R328,2026-08-23,15:00,17:00,Lab
T0611,R328,2026-08-23,17:00,19:00,Seminar
T0612,R328,2026-08-24,10:00,12:00,Tutorial
T0613,R328,2026-08-25,08:00,10:00,Lecture
T0614,R328,2026-08-25,17:00,19:00,Tutorial
T0615,R329,2026-08-18,10:00,12:00,Seminar
T0616,R329,2026-08-21,13:00,15:00,Workshop
T0617,R329,2026-08-26,17:00,19:00,Workshop
T0618,R330,2026-08-20,10:00,12:00,Tutorial
T0619,R330,2026-08-24,08:00,10:00,Lecture
T0620,R330,2026-08-24,17:00,19:00,Lecture
T0621,R331,2026-08-17,08:00,10:00,Lab
T0622,R331,2026-08-18,15:00,17:00,Workshop
T0623,R331,2026-08-22,10:00,12:00,Workshop
T0624,R331,2026-08-24,12:00,13:00,Lab
T0625,R332,2026-08-18,12:00,13:00,Lab
T0626,R332,2026-08-20,17:00,19:00,Lecture
T0627,R332,2026-08-24,17:00,19:00,Lecture
T0628,R332,2026-08-25,10:00,12:00,Lab
T0629,R333,2026-08-17,15:00,17:00,Lecture
T0630,R333,2026-08-19,15:00,17:00,Seminar
T0631,R333,2026-08-19,17:00,19:00,Seminar
T0632,R333,2026-08-22,13:00,15:00,Workshop
T0633,R333,2026-08-23,08:00,10:00,Lab
T0634,R333,2026-08-24,13:00,15:00,Lecture
T0635,R334,2026-08-18,15:00,17:00,Lecture
T0636,R334,2026-08-19,15:00,17:00,Workshop
T0637,R334,2026-08-20,17:00,19:00,Lecture
T0638,R334,2026-08-23,08:00,10:00,Tutorial
T0639,R334,2026-08-26,08:00,10:00,Workshop
T0640,R334,2026-08-26,13:00,15:00,Lecture
T0641,R335,2026-08-17,08:00,10:00,Tutorial
T0642,R335,2026-08-26,08:00,10:00,Lecture
T0643,R335,2026-08-26,10:00,12:00,Seminar
T0644,R336,2026-08-18,13:00,15:00,Lecture
T0645,R336,2026-08-18,17:00,19:00,Workshop
T0646,R336,2026-08-21,08:00,10:00,Seminar
T0647,R336,2026-08-26,15:00,17:00,Tutorial
T0648,R336,2026-08-26,17:00,19:00,Lab
T0649,R337,2026-08-20,12:00,13:00,Lab
T0650,R337,2026-08-21,12:00,13:00,Lecture
T0651,R337,2026-08-24,15:00,17:00,Workshop
T0652,R337,2026-08-26,15:00,17:00,Lab
T0653,R338,2026-08-22,12:00,13:00,Lecture
T0654,R338,2026-08-24,10:00,12:00,Tutorial
T0655,R338,2026-08-26,13:00,15:00,Tutorial
T0656,R339,2026-08-17,12:00,13:00,Lab
T0657,R339,2026-08-17,15:00,17:00,Lab
T0658,R339,2026-08-20,08:00,10:00,Lecture
T0659,R339,2026-08-21,10:00,12:00,Workshop
T0660,R339,2026-08-21,17:00,19:00,Seminar
T0661,R339,2026-08-25,10:00,12:00,Lecture
T0662,R339,2026-08-26,12:00,13:00,Lab
T0663,R340,2026-08-20,08:00,10:00,Workshop
T0664,R340,2026-08-20,10:00,12:00,Tutorial
T0665,R340,2026-08-23,08:00,10:00,Seminar
T0666,R340,2026-08-25,12:00,13:00,Lab
T0667,R341,2026-08-19,08:00,10:00,Tutorial
T0668,R341,2026-08-22,10:00,12:00,Tutorial
T0669,R341,2026-08-22,15:00,17:00,Lecture
T0670,R341,2026-08-24,15:00,17:00,Seminar
T0671,R341,2026-08-25,08:00,10:00,Lecture
T0672,R341,2026-08-25,10:00,12:00,Tutorial
T0673,R341,2026-08-26,15:00,17:00,Workshop
T0674,R342,2026-08-17,08:00,10:00,Lab
T0675,R342,2026-08-23,15:00,17:00,Lecture
T0676,R342,2026-08-24,12:00,13:00,Seminar
T0677,R342,2026-08-25,17:00,19:00,Lab
T0678,R342,2026-08-26,12:00,13:00,Lecture
T0679,R343,2026-08-19,13:00,15:00,Lecture
T0680,R343,2026-08-21,12:00,13:00,Tutorial
T0681,R343,2026-08-22,10:00,12:00,Lab
T0682,R343,2026-08-22,13:00,15:00,Lecture
T0683,R344,2026-08-19,12:00,13:00,Workshop
T0684,R344,2026-08-26,13:00,15:00,Seminar
T0685,R344,2026-08-26,15:00,17:00,Lab
T0686,R345,2026-08-17,17:00,19:00,Seminar
T0687,R345,2026-08-18,08:00,10:00,Lecture
T0688,R345,2026-08-18,12:00,13:00,Workshop
T0689,R345,2026-08-22,12:00,13:00,Workshop
T0690,R345,2026-08-23,10:00,12:00,Lecture
T0691,R345,2026-08-24,17:00,19:00,Seminar
T0692,R346,2026-08-19,13:00,15:00,Lab
T0693,R346,2026-08-19,15:00,17:00,Seminar
T0694,R346,2026-08-20,08:00,10:00,Lab
T0695,R346,2026-08-26,08:00,10:00,Lab
T0696,R347,2026-08-17,15:00,17:00,Workshop
T0697,R347,2026-08-18,12:00,13:00,Lecture
T0698,R347,2026-08-19,08:00,10:00,Tutorial
T0699,R347,2026-08-19,12:00,13:00,Lecture
T0700,R347,2026-08-19,17:00,19:00,Tutorial
T0701,R347,2026-08-25,10:00,12:00,Seminar
T0702,R348,2026-08-18,10:00,12:00,Tutorial
T0703,R348,2026-08-20,12:00,13:00,Seminar
T0704,R348,2026-08-20,15:00,17:00,Lab
T0705,R348,2026-08-21,12:00,13:00,Seminar
T0706,R348,2026-08-22,15:00,17:00,Lab
T0707,R348,2026-08-25,10:00,12:00,Lecture
T0708,R349,2026-08-18,15:00,17:00,Lab
T0709,R349,2026-08-24,10:00,12:00,Workshop
T0710,R349,2026-08-25,13:00,15:00,Lecture
T0711,R350,2026-08-18,13:00,15:00,Lecture
T0712,R350,2026-08-20,12:00,13:00,Tutorial
T0713,R350,2026-08-25,17:00,19:00,Lab
T0714,R350,2026-08-26,08:00,10:00,Seminar
T0715,R351,2026-08-17,10:00,12:00,Seminar
T0716,R351,2026-08-17,13:00,15:00,Seminar
T0717,R351,2026-08-18,17:00,19:00,Workshop
T0718,R351,2026-08-19,15:00,17:00,Workshop
T0719,R351,2026-08-20,10:00,12:00,Tutorial
T0720,R351,2026-08-24,10:00,12:00,Lecture
T0721,R351,2026-08-25,15:00,17:00,Seminar
T0722,R352,2026-08-18,12:00,13:00,Lecture
T0723,R352,2026-08-25,12:00,13:00,Lecture
T0724,R352,2026-08-25,13:00,15:00,Lecture
T0725,R353,2026-08-18,12:00,13:00,Lab
T0726,R353,2026-08-19,08:00,10:00,Lecture
T0727,R353,2026-08-21,10:00,12:00,Workshop
T0728,R353,2026-08-25,15:00,17:00,Workshop
T0729,R354,2026-08-17,10:00,12:00,Seminar
T0730,R354,2026-08-17,15:00,17:00,Tutorial
T0731,R354,2026-08-19,08:00,10:00,Lecture
T0732,R354,2026-08-25,15:00,17:00,Lab
T0733,R354,2026-08-26,15:00,17:00,Lecture
T0734,R355,2026-08-17,13:00,15:00,Workshop
T0735,R355,2026-08-18,15:00,17:00,Seminar
T0736,R355,2026-08-21,17:00,19:00,Seminar
T0737,R356,2026-08-17,10:00,12:00,Tutorial
T0738,R356,2026-08-18,17:00,19:00,Tutorial
T0739,R356,2026-08-20,15:00,17:00,Lab
T0740,R356,2026-08-21,08:00,10:00,Lab
T0741,R356,2026-08-21,13:00,15:00,Seminar
T0742,R356,2026-08-24,10:00,12:00,Tutorial
T0743,R357,2026-08-19,13:00,15:00,Lab
T0744,R357,2026-08-23,13:00,15:00,Seminar
T0745,R357,2026-08-23,17:00,19:00,Seminar
T0746,R358,2026-08-17,13:00,15:00,Tutorial
T0747,R358,2026-08-17,17:00,19:00,Workshop
T0748,R358,2026-08-18,12:00,13:00,Tutorial
T0749,R358,2026-08-19,17:00,19:00,Workshop
T0750,R358,2026-08-21,08:00,10:00,Lecture
T0751,R358,2026-08-21,12:00,13:00,Seminar
T0752,R358,2026-08-22,08:00,10:00,Lab
T0753,R359,2026-08-20,15:00,17:00,Lab
T0754,R359,2026-08-22,10:00,12:00,Seminar
T0755,R359,2026-08-22,12:00,13:00,Lab
T0756,R359,2026-08-22,15:00,17:00,Tutorial
T0757,R359,2026-08-23,08:00,10:00,Lecture
T0758,R359,2026-08-25,12:00,13:00,Lab
T0759,R360,2026-08-17,10:00,12:00,Seminar
T0760,R360,2026-08-17,13:00,15:00,Workshop
T0761,R360,2026-08-19,12:00,13:00,Lab
T0762,R360,2026-08-19,17:00,19:00,Workshop
T0763,R360,2026-08-25,10:00,12:00,Tutorial
T0764,R360,2026-08-25,13:00,15:00,Tutorial
T0765,R360,2026-08-26,13:00,15:00,Lecture
T0766,R401,2026-08-19,13:00,15:00,Lecture
T0767,R401,2026-08-19,17:00,19:00,Tutorial
T0768,R401,2026-08-22,15:00,17:00,Workshop
T0769,R401,2026-08-24,08:00,10:00,Seminar
T0770,R402,2026-08-18,17:00,19:00,Workshop
T0771,R402,2026-08-19,13:00,15:00,Lab
T0772,R402,2026-08-25,17:00,19:00,Lab
T0773,R402,2026-08-26,08:00,10:00,Workshop
T0774,R402,2026-08-26,17:00,19:00,Lecture
T0775,R403,2026-08-18,13:00,15:00,Seminar
T0776,R403,2026-08-19,08:00,10:00,Workshop
T0777,R403,2026-08-23,08:00,10:00,Lab
T0778,R403,2026-08-25,13:00,15:00,Tutorial
T0779,R403,2026-08-25,17:00,19:00,Seminar
T0780,R404,2026-08-17,13:00,15:00,Workshop
T0781,R404,2026-08-17,17:00,19:00,Tutorial
T0782,R404,2026-08-19,12:00,13:00,Lecture
T0783,R405,2026-08-17,08:00,10:00,Lab
T0784,R405,2026-08-18,12:00,13:00,Tutorial
T0785,R405,2026-08-19,08:00,10:00,Lab
T0786,R405,2026-08-20,13:00,15:00,Lecture
T0787,R405,2026-08-22,08:00,10:00,Lecture
T0788,R405,2026-08-23,13:00,15:00,Tutorial
T0789,R405,2026-08-25,13:00,15:00,Workshop
T0790,R406,2026-08-18,10:00,12:00,Lab
T0791,R406,2026-08-22,13:00,15:00,Lecture
T0792,R406,2026-08-25,10:00,12:00,Lab
T0793,R406,2026-08-26,08:00,10:00,Seminar
T0794,R407,2026-08-18,08:00,10:00,Seminar
T0795,R407,2026-08-18,12:00,13:00,Seminar
T0796,R407,2026-08-18,15:00,17:00,Lab
T0797,R407,2026-08-20,10:00,12:00,Tutorial
T0798,R407,2026-08-20,12:00,13:00,Workshop
T0799,R407,2026-08-20,13:00,15:00,Workshop
T0800,R407,2026-08-24,15:00,17:00,Lab
T0801,R408,2026-08-18,17:00,19:00,Seminar
T0802,R408,2026-08-23,10:00,12:00,Lab
T0803,R408,2026-08-24,08:00,10:00,Lab
T0804,R408,2026-08-25,15:00,17:00,Tutorial
T0805,R409,2026-08-17,08:00,10:00,Seminar
T0806,R409,2026-08-23,08:00,10:00,Workshop
T0807,R409,2026-08-24,12:00,13:00,Lecture
T0808,R409,2026-08-24,15:00,17:00,Tutorial
T0809,R410,2026-08-19,12:00,13:00,Lecture
T0810,R410,2026-08-20,12:00,13:00,Seminar
T0811,R410,2026-08-23,08:00,10:00,Tutorial
T0812,R410,2026-08-23,13:00,15:00,Lab
T0813,R410,2026-08-23,15:00,17:00,Lecture
T0814,R410,2026-08-25,13:00,15:00,Tutorial
T0815,R410,2026-08-26,15:00,17:00,Lab
T0816,R411,2026-08-17,17:00,19:00,Lab
T0817,R411,2026-08-18,15:00,17:00,Seminar
T0818,R411,2026-08-23,15:00,17:00,Lecture
T0819,R411,2026-08-25,15:00,17:00,Lab
T0820,R411,2026-08-26,12:00,13:00,Tutorial
T0821,R412,2026-08-17,15:00,17:00,Lecture
T0822,R412,2026-08-19,15:00,17:00,Lecture
T0823,R412,2026-08-20,15:00,17:00,Lecture
T0824,R412,2026-08-24,12:00,13:00,Seminar
T0825,R413,2026-08-18,15:00,17:00,Seminar
T0826,R413,2026-08-21,12:00,13:00,Lab
T0827,R413,2026-08-22,10:00,12:00,Workshop
T0828,R413,2026-08-24,15:00,17:00,Seminar
T0829,R413,2026-08-26,12:00,13:00,Lecture
T0830,R413,2026-08-26,15:00,17:00,Seminar
T0831,R414,2026-08-17,15:00,17:00,Lecture
T0832,R414,2026-08-18,15:00,17:00,Lab
T0833,R414,2026-08-19,12:00,13:00,Lecture
T0834,R414,2026-08-21,15:00,17:00,Lab
T0835,R414,2026-08-23,17:00,19:00,Lab
T0836,R414,2026-08-24,10:00,12:00,Lecture
T0837,R414,2026-08-25,08:00,10:00,Lecture
T0838,R415,2026-08-17,15:00,17:00,Workshop
T0839,R415,2026-08-18,15:00,17:00,Lecture
T0840,R415,2026-08-21,08:00,10:00,Lab
T0841,R415,2026-08-24,15:00,17:00,Workshop
T0842,R415,2026-08-26,12:00,13:00,Workshop
T0843,R416,2026-08-17,10:00,12:00,Seminar
T0844,R416,2026-08-18,15:00,17:00,Tutorial
T0845,R416,2026-08-21,13:00,15:00,Lecture
T0846,R416,2026-08-23,12:00,13:00,Lecture
T0847,R416,2026-08-23,17:00,19:00,Lab
T0848,R416,2026-08-24,13:00,15:00,Tutorial
T0849,R417,2026-08-21,12:00,13:00,Workshop
T0850,R417,2026-08-22,17:00,19:00,Lab
T0851,R417,2026-08-24,12:00,13:00,Lab
T0852,R417,2026-08-24,15:00,17:00,Lab
T0853,R418,2026-08-17,13:00,15:00,Workshop
T0854,R418,2026-08-18,08:00,10:00,Seminar
T0855,R418,2026-08-21,10:00,12:00,Tutorial
T0856,R418,2026-08-23,08:00,10:00,Lecture
T0857,R419,2026-08-17,08:00,10:00,Workshop
T0858,R419,2026-08-17,17:00,19:00,Seminar
T0859,R419,2026-08-20,08:00,10:00,Tutorial
T0860,R419,2026-08-21,13:00,15:00,Lecture
T0861,R419,2026-08-25,15:00,17:00,Lecture
T0862,R420,2026-08-17,17:00,19:00,Seminar
T0863,R420,2026-08-18,15:00,17:00,Lecture
T0864,R420,2026-08-20,08:00,10:00,Lab
T0865,R420,2026-08-23,15:00,17:00,Seminar
T0866,R421,2026-08-17,17:00,19:00,Workshop
T0867,R421,2026-08-19,15:00,17:00,Seminar
T0868,R421,2026-08-22,10:00,12:00,Tutorial
T0869,R421,2026-08-23,17:00,19:00,Lab
T0870,R421,2026-08-24,08:00,10:00,Seminar
T0871,R421,2026-08-26,13:00,15:00,Lab
T0872,R422,2026-08-17,12:00,13:00,Lab
T0873,R422,2026-08-19,15:00,17:00,Tutorial
T0874,R422,2026-08-21,15:00,17:00,Lab
T0875,R422,2026-08-21,17:00,19:00,Workshop
T0876,R423,2026-08-18,13:00,15:00,Lecture
T0877,R423,2026-08-24,12:00,13:00,Lecture
T0878,R423,2026-08-25,08:00,10:00,Lab
T0879,R424,2026-08-17,13:00,15:00,Seminar
T0880,R424,2026-08-19,12:00,13:00,Workshop
T0881,R424,2026-08-21,12:00,13:00,Seminar
T0882,R424,2026-08-22,17:00,19:00,Workshop
T0883,R424,2026-08-23,10:00,12:00,Seminar
T0884,R424,2026-08-25,08:00,10:00,Workshop
T0885,R424,2026-08-25,17:00,19:00,Tutorial
T0886,R425,2026-08-17,12:00,13:00,Workshop
T0887,R425,2026-08-17,17:00,19:00,Workshop
T0888,R425,2026-08-20,10:00,12:00,Workshop
T0889,R425,2026-08-21,10:00,12:00,Workshop
T0890,R425,2026-08-24,13:00,15:00,Workshop
T0891,R425,2026-08-26,08:00,10:00,Tutorial
T0892,R426,2026-08-18,17:00,19:00,Tutorial
T0893,R426,2026-08-21,15:00,17:00,Tutorial
T0894,R426,2026-08-25,08:00,10:00,Tutorial
T0895,R427,2026-08-17,12:00,13:00,Seminar
T0896,R427,2026-08-17,17:00,19:00,Tutorial
T0897,R427,2026-08-21,13:00,15:00,Tutorial
T0898,R427,2026-08-24,10:00,12:00,Workshop
T0899,R428,2026-08-17,15:00,17:00,Lecture
T0900,R428,2026-08-20,12:00,13:00,Seminar
T0901,R428,2026-08-24,15:00,17:00,Workshop
T0902,R428,2026-08-25,13:00,15:00,Seminar
T0903,R428,2026-08-26,15:00,17:00,Workshop
T0904,R429,2026-08-19,17:00,19:00,Lecture
T0905,R429,2026-08-21,17:00,19:00,Workshop
T0906,R429,2026-08-22,13:00,15:00,Workshop
T0907,R429,2026-08-26,08:00,10:00,Workshop
T0908,R429,2026-08-26,15:00,17:00,Seminar
T0909,R430,2026-08-18,13:00,15:00,Workshop
T0910,R430,2026-08-21,12:00,13:00,Workshop
T0911,R430,2026-08-23,08:00,10:00,Lecture
T0912,R431,2026-08-18,08:00,10:00,Lab
T0913,R431,2026-08-23,08:00,10:00,Workshop
T0914,R431,2026-08-25,10:00,12:00,Lab
T0915,R432,2026-08-19,15:00,17:00,Seminar
T0916,R432,2026-08-21,08:00,10:00,Lecture
T0917,R432,2026-08-22,10:00,12:00,Tutorial
T0918,R432,2026-08-23,08:00,10:00,Lab
T0919,R432,2026-08-23,12:00,13:00,Seminar
T0920,R432,2026-08-23,17:00,19:00,Tutorial
T0921,R433,2026-08-17,12:00,13:00,Tutorial
T0922,R433,2026-08-20,13:00,15:00,Lecture
T0923,R433,2026-08-21,10:00,12:00,Seminar
T0924,R433,2026-08-23,12:00,13:00,Lab
T0925,R433,2026-08-24,10:00,12:00,Lab
T0926,R433,2026-08-24,12:00,13:00,Lecture
T0927,R433,2026-08-26,12:00,13:00,Lab
T0928,R434,2026-08-19,17:00,19:00,Lecture
T0929,R434,2026-08-20,10:00,12:00,Tutorial
T0930,R434,2026-08-22,10:00,12:00,Tutorial
T0931,R434,2026-08-25,17:00,19:00,Lab
T0932,R434,2026-08-26,08:00,10:00,Seminar
T0933,R435,2026-08-19,17:00,19:00,Lecture
T0934,R435,2026-08-21,12:00,13:00,Tutorial
T0935,R435,2026-08-23,12:00,13:00,Seminar
T0936,R435,2026-08-23,17:00,19:00,Tutorial
T0937,R435,2026-08-24,15:00,17:00,Seminar
T0938,R436,2026-08-17,13:00,15:00,Workshop
T0939,R436,2026-08-20,17:00,19:00,Tutorial
T0940,R436,2026-08-22,13:00,15:00,Lecture
T0941,R436,2026-08-25,08:00,10:00,Lab
T0942,R436,2026-08-25,15:00,17:00,Workshop
T0943,R436,2026-08-26,10:00,12:00,Seminar
T0944,R437,2026-08-22,13:00,15:00,Workshop
T0945,R437,2026-08-25,10:00,12:00,Lecture
T0946,R437,2026-08-26,08:00,10:00,Tutorial
T0947,R437,2026-08-26,12:00,13:00,Tutorial
T0948,R438,2026-08-17,12:00,13:00,Seminar
T0949,R438,2026-08-17,13:00,15:00,Lecture
T0950,R438,2026-08-19,13:00,15:00,Lab
T0951,R438,2026-08-25,17:00,19:00,Tutorial
T0952,R439,2026-08-20,17:00,19:00,Lecture
T0953,R439,2026-08-21,10:00,12:00,Lecture
T0954,R439,2026-08-21,17:00,19:00,Tutorial
T0955,R439,2026-08-22,12:00,13:00,Lab
T0956,R439,2026-08-25,15:00,17:00,Seminar
T0957,R440,2026-08-18,17:00,19:00,Lab
T0958,R440,2026-08-20,15:00,17:00,Tutorial
T0959,R440,2026-08-21,15:00,17:00,Lab
T0960,R440,2026-08-22,08:00,10:00,Lecture
T0961,R440,2026-08-22,17:00,19:00,Lab
T0962,R440,2026-08-23,10:00,12:00,Lecture
T0963,R440,2026-08-26,10:00,12:00,Seminar
T0964,R441,2026-08-18,15:00,17:00,Tutorial
T0965,R441,2026-08-23,08:00,10:00,Tutorial
T0966,R441,2026-08-26,08:00,10:00,Tutorial
T0967,R442,2026-08-19,17:00,19:00,Lecture
T0968,R442,2026-08-21,12:00,13:00,Lecture
T0969,R442,2026-08-22,12:00,13:00,Seminar
T0970,R442,2026-08-23,17:00,19:00,Tutorial
T0971,R443,2026-08-17,08:00,10:00,Lab
T0972,R443,2026-08-19,12:00,13:00,Workshop
T0973,R443,2026-08-23,12:00,13:00,Lab
T0974,R443,2026-08-25,13:00,15:00,Lab
T0975,R444,2026-08-19,15:00,17:00,Tutorial
T0976,R444,2026-08-20,15:00,17:00,Seminar
T0977,R444,2026-08-21,08:00,10:00,Lab
T0978,R444,2026-08-21,17:00,19:00,Workshop
T0979,R444,2026-08-26,08:00,10:00,Workshop
T0980,R444,2026-08-26,13:00,15:00,Seminar
T0981,R445,2026-08-17,08:00,10:00,Workshop
T0982,R445,2026-08-18,08:00,10:00,Workshop
T0983,R445,2026-08-20,17:00,19:00,Workshop
T0984,R445,2026-08-22,12:00,13:00,Lab
T0985,R445,2026-08-24,08:00,10:00,Lab
T0986,R445,2026-08-25,17:00,19:00,Lecture
T0987,R445,2026-08-26,10:00,12:00,Seminar
T0988,R446,2026-08-19,17:00,19:00,Lab
T0989,R446,2026-08-20,13:00,15:00,Lab
T0990,R446,2026-08-23,15:00,17:00,Lab
T0991,R447,2026-08-18,13:00,15:00,Lecture
T0992,R447,2026-08-19,08:00,10:00,Workshop
T0993,R447,2026-08-19,13:00,15:00,Seminar
T0994,R447,2026-08-22,13:00,15:00,Lab
T0995,R447,2026-08-25,08:00,10:00,Tutorial
T0996,R448,2026-08-20,08:00,10:00,Lab
T0997,R448,2026-08-22,10:00,12:00,Seminar
T0998,R448,2026-08-23,17:00,19:00,Seminar
T0999,R449,2026-08-17,12:00,13:00,Tutorial
T1000,R449,2026-08-23,08:00,10:00,Lab
T1001,R449,2026-08-23,10:00,12:00,Tutorial
T1002,R449,2026-08-24,13:00,15:00,Workshop
T1003,R449,2026-08-24,17:00,19:00,Seminar
T1004,R449,2026-08-25,15:00,17:00,Lab
T1005,R450,2026-08-18,15:00,17:00,Lab
T1006,R450,2026-08-18,17:00,19:00,Lecture
T1007,R450,2026-08-20,10:00,12:00,Seminar
T1008,R450,2026-08-22,17:00,19:00,Tutorial
T1009,R450,2026-08-24,08:00,10:00,Lab
T1010,R450,2026-08-25,17:00,19:00,Workshop
T1011,R450,2026-08-26,08:00,10:00,Tutorial
T1012,R451,2026-08-17,17:00,19:00,Lab
T1013,R451,2026-08-19,12:00,13:00,Seminar
T1014,R451,2026-08-20,15:00,17:00,Lab
T1015,R451,2026-08-23,17:00,19:00,Lab
T1016,R451,2026-08-24,17:00,19:00,Lab
T1017,R452,2026-08-17,13:00,15:00,Workshop
T1018,R452,2026-08-18,10:00,12:00,Workshop
T1019,R452,2026-08-20,08:00,10:00,Workshop
T1020,R452,2026-08-21,17:00,19:00,Lecture
T1021,R452,2026-08-22,08:00,10:00,Seminar
T1022,R452,2026-08-23,15:00,17:00,Tutorial
T1023,R452,2026-08-26,08:00,10:00,Workshop
T1024,R453,2026-08-21,08:00,10:00,Workshop
T1025,R453,2026-08-24,10:00,12:00,Lab
T1026,R453,2026-08-26,10:00,12:00,Seminar
T1027,R454,2026-08-18,13:00,15:00,Tutorial
T1028,R454,2026-08-26,08:00,10:00,Tutorial
T1029,R454,2026-08-26,10:00,12:00,Lab
T1030,R455,2026-08-18,13:00,15:00,Tutorial
T1031,R455,2026-08-20,12:00,13:00,Lecture
T1032,R455,2026-08-21,17:00,19:00,Seminar
T1033,R455,2026-08-23,08:00,10:00,Lab
T1034,R455,2026-08-24,13:00,15:00,Tutorial
T1035,R455,2026-08-26,13:00,15:00,Lab
T1036,R456,2026-08-17,08:00,10:00,Tutorial
T1037,R456,2026-08-19,17:00,19:00,Tutorial
T1038,R456,2026-08-21,15:00,17:00,Workshop
T1039,R457,2026-08-22,10:00,12:00,Lecture
T1040,R457,2026-08-25,08:00,10:00,Tutorial
T1041,R457,2026-08-25,10:00,12:00,Workshop
T1042,R457,2026-08-25,12:00,13:00,Seminar
T1043,R458,2026-08-17,08:00,10:00,Workshop
T1044,R458,2026-08-17,12:00,13:00,Tutorial
T1045,R458,2026-08-21,08:00,10:00,Lab
T1046,R458,2026-08-21,10:00,12:00,Lecture
T1047,R458,2026-08-21,13:00,15:00,Lab
T1048,R458,2026-08-22,08:00,10:00,Workshop
T1049,R459,2026-08-17,08:00,10:00,Tutorial
T1050,R459,2026-08-17,10:00,12:00,Tutorial
T1051,R459,2026-08-23,15:00,17:00,Lab
T1052,R459,2026-08-24,10:00,12:00,Lab
T1053,R460,2026-08-18,08:00,10:00,Lab
T1054,R460,2026-08-21,08:00,10:00,Tutorial
T1055,R460,2026-08-22,12:00,13:00,Lecture
T1056,R460,2026-08-23,10:00,12:00,Lecture
T1057,R501,2026-08-20,08:00,10:00,Workshop
T1058,R501,2026-08-21,17:00,19:00,Lab
T1059,R501,2026-08-22,13:00,15:00,Seminar
T1060,R501,2026-08-23,12:00,13:00,Tutorial
T1061,R501,2026-08-24,15:00,17:00,Lab
T1062,R502,2026-08-18,15:00,17:00,Lecture
T1063,R502,2026-08-19,08:00,10:00,Tutorial
T1064,R502,2026-08-20,15:00,17:00,Tutorial
T1065,R502,2026-08-21,10:00,12:00,Tutorial
T1066,R502,2026-08-25,08:00,10:00,Tutorial
T1067,R502,2026-08-25,13:00,15:00,Lecture
T1068,R503,2026-08-18,10:00,12:00,Lecture
T1069,R503,2026-08-18,15:00,17:00,Seminar
T1070,R503,2026-08-20,17:00,19:00,Lab
T1071,R503,2026-08-22,12:00,13:00,Workshop
T1072,R503,2026-08-23,17:00,19:00,Workshop
T1073,R503,2026-08-24,13:00,15:00,Lecture
T1074,R503,2026-08-25,12:00,13:00,Workshop
T1075,R504,2026-08-18,08:00,10:00,Lecture
T1076,R504,2026-08-23,17:00,19:00,Lecture
T1077,R504,2026-08-24,08:00,10:00,Lecture
T1078,R505,2026-08-18,10:00,12:00,Tutorial
T1079,R505,2026-08-19,15:00,17:00,Tutorial
T1080,R505,2026-08-21,08:00,10:00,Lecture
T1081,R505,2026-08-21,15:00,17:00,Lab
T1082,R505,2026-08-22,08:00,10:00,Seminar
T1083,R505,2026-08-22,17:00,19:00,Lecture
T1084,R506,2026-08-18,12:00,13:00,Lecture
T1085,R506,2026-08-19,17:00,19:00,Workshop
T1086,R506,2026-08-21,12:00,13:00,Workshop
T1087,R506,2026-08-23,12:00,13:00,Lecture
T1088,R506,2026-08-23,13:00,15:00,Lab
T1089,R506,2026-08-24,12:00,13:00,Lecture
T1090,R506,2026-08-25,17:00,19:00,Lecture
T1091,R507,2026-08-19,08:00,10:00,Workshop
T1092,R507,2026-08-19,15:00,17:00,Tutorial
T1093,R507,2026-08-23,12:00,13:00,Lab
T1094,R507,2026-08-25,10:00,12:00,Seminar
T1095,R507,2026-08-25,17:00,19:00,Lab
T1096,R507,2026-08-26,17:00,19:00,Tutorial
T1097,R508,2026-08-22,10:00,12:00,Tutorial
T1098,R508,2026-08-22,17:00,19:00,Seminar
T1099,R508,2026-08-26,15:00,17:00,Lab
T1100,R509,2026-08-17,08:00,10:00,Lecture
T1101,R509,2026-08-17,17:00,19:00,Workshop
T1102,R509,2026-08-24,08:00,10:00,Seminar
T1103,R509,2026-08-26,15:00,17:00,Tutorial
T1104,R510,2026-08-17,15:00,17:00,Lecture
T1105,R510,2026-08-22,12:00,13:00,Lab
T1106,R510,2026-08-25,10:00,12:00,Tutorial
T1107,R511,2026-08-17,13:00,15:00,Tutorial
T1108,R511,2026-08-18,08:00,10:00,Lecture
T1109,R511,2026-08-19,15:00,17:00,Lab
T1110,R511,2026-08-20,08:00,10:00,Lab
T1111,R511,2026-08-21,17:00,19:00,Lab
T1112,R511,2026-08-25,15:00,17:00,Seminar
T1113,R512,2026-08-18,08:00,10:00,Lecture
T1114,R512,2026-08-25,08:00,10:00,Lecture
T1115,R512,2026-08-26,08:00,10:00,Tutorial
T1116,R513,2026-08-20,13:00,15:00,Workshop
T1117,R513,2026-08-20,15:00,17:00,Lab
T1118,R513,2026-08-21,15:00,17:00,Lecture
T1119,R513,2026-08-26,13:00,15:00,Lab
T1120,R514,2026-08-18,10:00,12:00,Seminar
T1121,R514,2026-08-18,17:00,19:00,Seminar
T1122,R514,2026-08-19,17:00,19:00,Seminar
T1123,R514,2026-08-21,10:00,12:00,Tutorial
T1124,R514,2026-08-21,17:00,19:00,Lecture
T1125,R515,2026-08-17,13:00,15:00,Tutorial
T1126,R515,2026-08-24,12:00,13:00,Lecture
T1127,R515,2026-08-24,15:00,17:00,Seminar
T1128,R515,2026-08-26,08:00,10:00,Workshop
T1129,R516,2026-08-18,17:00,19:00,Seminar
T1130,R516,2026-08-21,15:00,17:00,Lab
T1131,R516,2026-08-23,08:00,10:00,Workshop
T1132,R516,2026-08-23,13:00,15:00,Lecture
T1133,R516,2026-08-24,10:00,12:00,Tutorial
T1134,R516,2026-08-25,13:00,15:00,Seminar
T1135,R517,2026-08-17,12:00,13:00,Lab
T1136,R517,2026-08-17,15:00,17:00,Lab
T1137,R517,2026-08-18,10:00,12:00,Lecture
T1138,R517,2026-08-21,12:00,13:00,Workshop
T1139,R517,2026-08-21,15:00,17:00,Workshop
T1140,R517,2026-08-26,12:00,13:00,Workshop
T1141,R518,2026-08-20,13:00,15:00,Workshop
T1142,R518,2026-08-22,13:00,15:00,Workshop
T1143,R518,2026-08-24,08:00,10:00,Lecture
T1144,R518,2026-08-26,10:00,12:00,Seminar
T1145,R519,2026-08-20,15:00,17:00,Seminar
T1146,R519,2026-08-22,08:00,10:00,Tutorial
T1147,R519,2026-08-24,08:00,10:00,Workshop
T1148,R519,2026-08-24,10:00,12:00,Workshop
T1149,R520,2026-08-17,08:00,10:00,Tutorial
T1150,R520,2026-08-23,17:00,19:00,Workshop
T1151,R520,2026-08-26,17:00,19:00,Seminar
T1152,R521,2026-08-17,15:00,17:00,Tutorial
T1153,R521,2026-08-18,15:00,17:00,Lab
T1154,R521,2026-08-20,12:00,13:00,Lab
T1155,R521,2026-08-22,10:00,12:00,Lecture
T1156,R521,2026-08-25,08:00,10:00,Workshop
T1157,R521,2026-08-26,10:00,12:00,Tutorial
T1158,R522,2026-08-17,17:00,19:00,Seminar
T1159,R522,2026-08-19,13:00,15:00,Workshop
T1160,R522,2026-08-21,08:00,10:00,Seminar
T1161,R522,2026-08-21,10:00,12:00,Lecture
T1162,R522,2026-08-21,17:00,19:00,Seminar
T1163,R522,2026-08-23,17:00,19:00,Seminar
T1164,R522,2026-08-25,15:00,17:00,Lab
T1165,R523,2026-08-22,10:00,12:00,Lecture
T1166,R523,2026-08-23,17:00,19:00,Lecture
T1167,R523,2026-08-24,17:00,19:00,Seminar
T1168,R524,2026-08-17,08:00,10:00,Workshop
T1169,R524,2026-08-17,12:00,13:00,Workshop
T1170,R524,2026-08-17,17:00,19:00,Lab
T1171,R524,2026-08-22,17:00,19:00,Workshop
T1172,R524,2026-08-25,15:00,17:00,Workshop
T1173,R524,2026-08-26,15:00,17:00,Tutorial
T1174,R525,2026-08-17,13:00,15:00,Seminar
T1175,R525,2026-08-19,12:00,13:00,Lab
T1176,R525,2026-08-20,13:00,15:00,Workshop
T1177,R525,2026-08-20,17:00,19:00,Workshop
T1178,R525,2026-08-25,15:00,17:00,Workshop
T1179,R525,2026-08-26,13:00,15:00,Seminar
T1180,R526,2026-08-18,08:00,10:00,Tutorial
T1181,R526,2026-08-18,10:00,12:00,Lecture
T1182,R526,2026-08-21,15:00,17:00,Lab
T1183,R526,2026-08-24,13:00,15:00,Lab
T1184,R526,2026-08-25,08:00,10:00,Lab
T1185,R527,2026-08-17,12:00,13:00,Tutorial
T1186,R527,2026-08-18,08:00,10:00,Seminar
T1187,R527,2026-08-18,15:00,17:00,Lecture
T1188,R527,2026-08-20,17:00,19:00,Lab
T1189,R527,2026-08-22,10:00,12:00,Workshop
T1190,R527,2026-08-22,13:00,15:00,Tutorial
T1191,R527,2026-08-24,12:00,13:00,Tutorial
T1192,R528,2026-08-21,10:00,12:00,Tutorial
T1193,R528,2026-08-26,08:00,10:00,Seminar
T1194,R528,2026-08-26,17:00,19:00,Tutorial
T1195,R529,2026-08-17,12:00,13:00,Workshop
T1196,R529,2026-08-18,08:00,10:00,Lecture
T1197,R529,2026-08-21,12:00,13:00,Seminar
T1198,R529,2026-08-25,08:00,10:00,Seminar
T1199,R529,2026-08-26,17:00,19:00,Workshop
T1200,R530,2026-08-17,08:00,10:00,Seminar
T1201,R530,2026-08-17,13:00,15:00,Workshop
T1202,R530,2026-08-18,12:00,13:00,Seminar
T1203,R530,2026-08-22,10:00,12:00,Workshop
T1204,R530,2026-08-22,13:00,15:00,Tutorial
T1205,R530,2026-08-22,17:00,19:00,Workshop
T1206,R530,2026-08-24,17:00,19:00,Tutorial
T1207,R531,2026-08-18,08:00,10:00,Workshop
T1208,R531,2026-08-21,08:00,10:00,Lab
T1209,R531,2026-08-23,12:00,13:00,Workshop
T1210,R531,2026-08-24,08:00,10:00,Seminar
T1211,R532,2026-08-19,13:00,15:00,Seminar
T1212,R532,2026-08-19,17:00,19:00,Lab
T1213,R532,2026-08-23,12:00,13:00,Lab
T1214,R532,2026-08-24,12:00,13:00,Seminar
T1215,R532,2026-08-25,08:00,10:00,Tutorial
T1216,R532,2026-08-26,15:00,17:00,Tutorial
T1217,R533,2026-08-20,10:00,12:00,Workshop
T1218,R533,2026-08-22,12:00,13:00,Lab
T1219,R533,2026-08-23,12:00,13:00,Workshop
T1220,R533,2026-08-24,12:00,13:00,Tutorial
T1221,R533,2026-08-24,17:00,19:00,Tutorial
T1222,R533,2026-08-26,12:00,13:00,Tutorial
T1223,R534,2026-08-18,12:00,13:00,Tutorial
T1224,R534,2026-08-20,08:00,10:00,Workshop
T1225,R534,2026-08-20,15:00,17:00,Workshop
T1226,R534,2026-08-24,10:00,12:00,Lab
T1227,R534,2026-08-24,13:00,15:00,Lecture
T1228,R534,2026-08-26,13:00,15:00,Lab
T1229,R534,2026-08-26,17:00,19:00,Workshop
T1230,R535,2026-08-21,12:00,13:00,Workshop
T1231,R535,2026-08-23,08:00,10:00,Lab
T1232,R535,2026-08-23,10:00,12:00,Seminar
T1233,R535,2026-08-24,08:00,10:00,Lecture
T1234,R535,2026-08-24,10:00,12:00,Workshop
T1235,R535,2026-08-24,13:00,15:00,Lecture
T1236,R536,2026-08-17,13:00,15:00,Lecture
T1237,R536,2026-08-18,13:00,15:00,Tutorial
T1238,R536,2026-08-21,08:00,10:00,Lab
T1239,R537,2026-08-18,13:00,15:00,Lecture
T1240,R537,2026-08-19,15:00,17:00,Lab
T1241,R537,2026-08-20,08:00,10:00,Tutorial
T1242,R537,2026-08-24,10:00,12:00,Workshop
T1243,R538,2026-08-20,15:00,17:00,Lecture
T1244,R538,2026-08-21,15:00,17:00,Workshop
T1245,R538,2026-08-25,15:00,17:00,Workshop
T1246,R539,2026-08-21,08:00,10:00,Tutorial
T1247,R539,2026-08-22,17:00,19:00,Workshop
T1248,R539,2026-08-23,17:00,19:00,Lab
T1249,R539,2026-08-24,17:00,19:00,Lecture
T1250,R540,2026-08-20,12:00,13:00,Lecture
T1251,R540,2026-08-21,08:00,10:00,Lecture
T1252,R540,2026-08-21,12:00,13:00,Lab
T1253,R540,2026-08-22,17:00,19:00,Tutorial
T1254,R540,2026-08-24,10:00,12:00,Workshop
T1255,R540,2026-08-25,12:00,13:00,Seminar
T1256,R541,2026-08-23,15:00,17:00,Lab
T1257,R541,2026-08-23,17:00,19:00,Workshop
T1258,R541,2026-08-24,13:00,15:00,Workshop
T1259,R541,2026-08-26,15:00,17:00,Workshop
T1260,R542,2026-08-19,08:00,10:00,Seminar
T1261,R542,2026-08-20,08:00,10:00,Tutorial
T1262,R542,2026-08-24,15:00,17:00,Lecture
T1263,R542,2026-08-25,10:00,12:00,Tutorial
T1264,R543,2026-08-18,10:00,12:00,Lecture
T1265,R543,2026-08-21,08:00,10:00,Seminar
T1266,R543,2026-08-22,12:00,13:00,Lab
T1267,R543,2026-08-24,17:00,19:00,Workshop
T1268,R544,2026-08-18,12:00,13:00,Lecture
T1269,R544,2026-08-18,15:00,17:00,Lab
T1270,R544,2026-08-19,15:00,17:00,Seminar
T1271,R544,2026-08-23,10:00,12:00,Tutorial
T1272,R544,2026-08-26,08:00,10:00,Lecture
T1273,R545,2026-08-17,13:00,15:00,Workshop
T1274,R545,2026-08-20,12:00,13:00,Lab
T1275,R545,2026-08-23,12:00,13:00,Seminar
T1276,R545,2026-08-26,17:00,19:00,Workshop
T1277,R546,2026-08-17,15:00,17:00,Tutorial
T1278,R546,2026-08-19,12:00,13:00,Workshop
T1279,R546,2026-08-20,12:00,13:00,Lecture
T1280,R546,2026-08-20,15:00,17:00,Workshop
T1281,R546,2026-08-22,13:00,15:00,Tutorial
T1282,R546,2026-08-24,13:00,15:00,Seminar
T1283,R546,2026-08-25,12:00,13:00,Workshop
T1284,R547,2026-08-17,17:00,19:00,Lab
T1285,R547,2026-08-19,10:00,12:00,Lab
T1286,R547,2026-08-19,12:00,13:00,Lab
T1287,R547,2026-08-20,13:00,15:00,Tutorial
T1288,R547,2026-08-20,15:00,17:00,Workshop
T1289,R547,2026-08-21,10:00,12:00,Workshop
T1290,R547,2026-08-24,08:00,10:00,Seminar
T1291,R548,2026-08-17,08:00,10:00,Seminar
T1292,R548,2026-08-18,10:00,12:00,Tutorial
T1293,R548,2026-08-20,15:00,17:00,Workshop
T1294,R548,2026-08-23,17:00,19:00,Workshop
T1295,R548,2026-08-24,08:00,10:00,Tutorial
T1296,R548,2026-08-25,08:00,10:00,Lecture
T1297,R548,2026-08-25,15:00,17:00,Lab
T1298,R549,2026-08-18,10:00,12:00,Lab
T1299,R549,2026-08-19,15:00,17:00,Lecture
T1300,R549,2026-08-21,08:00,10:00,Workshop
T1301,R549,2026-08-22,15:00,17:00,Lab
T1302,R549,2026-08-25,12:00,13:00,Workshop
T1303,R549,2026-08-26,15:00,17:00,Workshop
T1304,R550,2026-08-17,12:00,13:00,Workshop
T1305,R550,2026-08-19,08:00,10:00,Lecture
T1306,R550,2026-08-20,08:00,10:00,Lecture
T1307,R550,2026-08-20,12:00,13:00,Tutorial
T1308,R550,2026-08-22,10:00,12:00,Workshop
T1309,R550,2026-08-23,17:00,19:00,Workshop
T1310,R551,2026-08-17,15:00,17:00,Tutorial
T1311,R551,2026-08-19,10:00,12:00,Seminar
T1312,R551,2026-08-23,15:00,17:00,Lecture
T1313,R552,2026-08-22,15:00,17:00,Seminar
T1314,R552,2026-08-24,12:00,13:00,Lecture
T1315,R552,2026-08-25,17:00,19:00,Tutorial
T1316,R552,2026-08-26,12:00,13:00,Lecture
T1317,R553,2026-08-17,12:00,13:00,Tutorial
T1318,R553,2026-08-17,13:00,15:00,Lab
T1319,R553,2026-08-17,15:00,17:00,Workshop
T1320,R553,2026-08-17,17:00,19:00,Lecture
T1321,R553,2026-08-20,13:00,15:00,Workshop
T1322,R553,2026-08-24,13:00,15:00,Tutorial
T1323,R554,2026-08-21,08:00,10:00,Seminar
T1324,R554,2026-08-21,10:00,12:00,Lab
T1325,R554,2026-08-21,12:00,13:00,Lecture
T1326,R554,2026-08-21,15:00,17:00,Seminar
T1327,R554,2026-08-23,15:00,17:00,Lecture
T1328,R555,2026-08-17,08:00,10:00,Workshop
T1329,R555,2026-08-17,15:00,17:00,Lecture
T1330,R555,2026-08-23,13:00,15:00,Lecture
T1331,R555,2026-08-23,17:00,19:00,Lab
T1332,R555,2026-08-24,15:00,17:00,Workshop
T1333,R555,2026-08-24,17:00,19:00,Lecture
T1334,R555,2026-08-25,08:00,10:00,Lab
T1335,R556,2026-08-17,17:00,19:00,Seminar
T1336,R556,2026-08-20,08:00,10:00,Seminar
T1337,R556,2026-08-23,12:00,13:00,Seminar
T1338,R556,2026-08-25,08:00,10:00,Lecture
T1339,R556,2026-08-26,17:00,19:00,Seminar
T1340,R557,2026-08-18,12:00,13:00,Seminar
T1341,R557,2026-08-19,12:00,13:00,Workshop
T1342,R557,2026-08-22,15:00,17:00,Lab
T1343,R557,2026-08-24,17:00,19:00,Tutorial
T1344,R558,2026-08-24,10:00,12:00,Lab
T1345,R558,2026-08-25,12:00,13:00,Lecture
T1346,R558,2026-08-26,10:00,12:00,Workshop
T1347,R558,2026-08-26,12:00,13:00,Workshop
T1348,R558,2026-08-26,15:00,17:00,Tutorial
T1349,R559,2026-08-17,08:00,10:00,Workshop
T1350,R559,2026-08-17,12:00,13:00,Seminar
T1351,R559,2026-08-23,08:00,10:00,Workshop
T1352,R560,2026-08-17,17:00,19:00,Tutorial
T1353,R560,2026-08-19,10:00,12:00,Seminar
T1354,R560,2026-08-20,10:00,12:00,Workshop
T1355,R560,2026-08-20,15:00,17:00,Tutorial
T1356,R560,2026-08-24,15:00,17:00,Tutorial
T1357,R560,2026-08-24,17:00,19:00,Tutorial
T1358,R560,2026-08-26,12:00,13:00,Tutorial
